{
    "initial_params": {
        "_type": "matrix",
        "_size": [
            50
        ],
        "_complex": false,
        "_data": [
            -2.5,
            0.02865493807955339,
            0.5444438235115119,
            0.0385984941509332,
            0.5358440146338381,
            0.04861226868135487,
            0.52718347644332,
            0.05869709162338629,
            0.518461491145095,
            0.06885380672370466,
            0.5096773290142931,
            0.07908327181919161,
            0.5008302481399541,
            0.08938635914083098,
            0.49191949416219866,
            0.09976395562565483,
            0.4829443000024378,
            0.11021696323699054,
            0.47390388558640245,
            0.12074629929326937,
            0.4647974575597708,
            0.1313528968056748,
            0.4556242089961468,
            0.14203770482490002,
            0.4463833190971655,
            0.15280168879732295,
            0.43707395288444634,
            0.1636458309308884,
            0.42769526088316007,
            0.17457113057101634,
            0.4182463787969165,
            0.18557860458687045,
            0.40872642717369706,
            0.19666928776830825,
            0.3991345110625471,
            0.20784423323388507,
            0.3894697196607071,
            0.21910451285025717,
            0.37973112595088776,
            0.230451217663376,
            0.3699177863283502,
            0.24188545834186306,
            0.36002874021743886,
            0.2534083656329764,
            0.35006300967724036,
            0.265021090831584,
            0.3400195989959831,
            0.2767248062625927,
            0.3298974942738047,
            0.2885207057773017
        ]
    }
}