{
    "initial_params": {
        "_type": "matrix",
        "_size": [
            50
        ],
        "_complex": false,
        "_data": [
            -2.4299513960197965,
            0.1,
            0.4825048711570313,
            0.1,
            0.6052169904803868,
            0.1,
            0.4545983386713339,
            0.1,
            0.4249096856991226,
            0.1,
            0.4765825841879226,
            0.1,
            0.5019089166289608,
            0.10012793979841222,
            0.5105699878319268,
            0.1,
            0.4980625578368841,
            0.10883948136146088,
            0.46685690533950286,
            0.14782376837611635,
            0.43714741391760453,
            0.18381084355500335,
            0.39079947412782184,
            0.22888487476390595,
            0.36367924854414685,
            0.23844724829229597,
            0.3612813413578434,
            0.2581743823238343,
            0.35673535499052106,
            0.24248981906760705,
            0.37551110901324297,
            0.22522046714508137,
            0.3795017681578963,
            0.22228810705380853,
            0.3779698793155289,
            0.22053913799297292,
            0.3817291121983331,
            0.21774060063169787,
            0.3824274736973176,
            0.2165891629764752,
            0.38092864369959817,
            0.21629046086268702,
            0.3670782932341242,
            0.23604461827240672,
            0.36774090421126265,
            0.248649912929478,
            0.34461586406859307,
            0.2735399517222838,
            0.3297377518777836,
            0.2753298129515069
        ]
    }
}