
{
  "initial_params" : 
  {
    "_complex" : false,
    "_data" : [ -2.5, 0.03, 2.355015299006456, 0.3679785497780599 ],
    "_size" : [ 1, 4 ],
    "_type" : "matrix"
  }
}
