{
    "_type": "matrix",
    "_size": [
        80
    ],
    "_complex": false,
    "_data": [
        1.1600000000000001,
        2.75,
        0.09999999999999999,
        0.4800702321753695,
        0.09999999999999999,
        0.6073976857523649,
        0.09999999999999999,
        0.44988440030861143,
        0.09999999999999999,
        0.42741163126276366,
        0.09999999999999999,
        0.47579042483872847,
        0.09999999999999999,
        0.5026649898504233,
        0.10002922416240886,
        0.5100366774007897,
        0.09999999999999999,
        0.494399635363353,
        0.1079599958465788,
        0.47400592737426483,
        0.14972685326277918,
        0.43272750134545823,
        0.1839530796530385,
        0.38720233367082113,
        0.2360175325711591,
        0.36032212454768675,
        0.24261846353500535,
        0.3577035012076439,
        0.2606637836858316,
        0.35261043815443344,
        0.24668202254540886,
        0.37174883887882726,
        0.22920754299702895,
        0.37769616507688464,
        0.2246528336925301,
        0.3765437598650894,
        0.22041773376471022,
        0.3804759604183899,
        0.21923601658169184,
        0.3798873698864591,
        0.21700438236445285,
        0.38291698672245644,
        0.2182776805329546,
        0.3641322152037017,
        0.23729077006065105,
        0.3676834419346081,
        0.24865079519725933,
        0.34415050295044936,
        0.2733570818755685,
        0.3306230780901629,
        0.27350446437732157,
        0.19999999999999998,
        0.31318166214506843,
        0.3763633242901369,
        0.43954498643520534,
        0.5027266485802737,
        0.5659083107253422,
        0.6290899728704107,
        0.6922716350154792,
        0.7554532971605475,
        0.818634959305616,
        0.8818166214506844,
        0.9449982835957529,
        1.0081799457408214,
        1.0713616078858896,
        1.1345432700309581,
        1.1977249321760266,
        1.260906594321095,
        1.3240882564661633,
        1.3872699186112318,
        1.4504515807563003,
        1.5136332429013688,
        1.576814905046437,
        1.6399965671915055,
        1.703178229336574,
        1.7663598914816427,
        1.829541553626711,
        1.8927232157717795,
        1.955904877916848,
        2.0190865400619167
    ]
}