{
    "fom": {
        "_type": "matrix",
        "_size": [
            1
        ],
        "_complex": false,
        "_data": [
            0.5497470189889991
        ]
    },
    "params": {
        "_type": "matrix",
        "_size": [
            80
        ],
        "_complex": false,
        "_data": [
            1.1915665024324535,
            2.7502263207023425,
            0.1,
            0.48133732506815496,
            0.1,
            0.6054750129219245,
            0.1,
            0.4496388447004233,
            0.10083046151362363,
            0.4266472268505225,
            0.10156477726032927,
            0.47322141912611504,
            0.10157010634329226,
            0.49920053275650106,
            0.1014233995264793,
            0.5062205256006165,
            0.10075651444091273,
            0.4915529085935629,
            0.11093246790303438,
            0.46921154835431345,
            0.1506654177995544,
            0.4277385792115932,
            0.18386107341556832,
            0.3833028806748588,
            0.2347326221663232,
            0.3571377667203753,
            0.24097803855108957,
            0.3543059481765765,
            0.2585780989500245,
            0.3492870849815139,
            0.24540806820409738,
            0.3684886749421744,
            0.22898694997154154,
            0.3750184110182779,
            0.22471283290661784,
            0.3741597047849327,
            0.22032963926317325,
            0.37782622810401756,
            0.21876882914183082,
            0.3769928031292906,
            0.21612253170895815,
            0.38137202988085345,
            0.21766696296492985,
            0.36382349533601294,
            0.23729315491293637,
            0.36786122875746136,
            0.24921139176013532,
            0.34481337370020354,
            0.27403889508389256,
            0.3312225943071983,
            0.27416366717985974,
            0.20056887144188268,
            0.31316265816494576,
            0.37767676878256495,
            0.44077645037332713,
            0.5026199875947068,
            0.565228029225311,
            0.6283184086037686,
            0.6919493617433458,
            0.7553004050347419,
            0.8184242366818985,
            0.8815782648978647,
            0.9446562081167813,
            1.0078108599751303,
            1.0712133655383793,
            1.1344539680833068,
            1.1976989549140686,
            1.2609006044000493,
            1.3240911429308406,
            1.3872507547051625,
            1.450413233371971,
            1.5135817479868812,
            1.5768037583030308,
            1.6400120050161533,
            1.7031907784361482,
            1.766380380660427,
            1.8295504443284798,
            1.8927285426537992,
            1.9559125723839592,
            2.0191069772655204
        ]
    }
}